"","loc","time_base","conf","died","recov","growth_con_1","growth_con_5","timenorm","timenorm_num","active"
"1","China_global",2020-01-22,548,17,28,NA,NA,0,0,503
"2","China_global",2020-01-23,643,18,30,0.173357664233577,NA,1,1,595
"3","China_global",2020-01-24,920,26,36,0.430793157076205,NA,2,2,858
"4","China_global",2020-01-25,1406,42,39,0.528260869565217,NA,3,3,1325
"5","China_global",2020-01-26,2075,56,49,0.475817923186344,NA,4,4,1970
"6","China_global",2020-01-27,2877,82,58,0.386506024096386,1.39325901136561,5,5,2737
"7","China_global",2020-01-28,5509,131,101,0.914841849148418,1.53664079910882,6,6,5277
"8","China_global",2020-01-29,6087,133,120,0.10491922308949,1.459227799998,7,7,5834
"9","China_global",2020-01-30,8141,171,135,0.337440446853951,1.42081811898816,8,8,7835
"10","China_global",2020-01-31,9802,213,214,0.204028989067682,1.36414118013239,9,9,9375
"11","China_global",2020-02-01,11891,259,275,0.213119771475209,1.32817622975298,10,10,11357
"12","China_global",2020-02-02,16630,361,463,0.398536708434951,1.24727981859148,11,11,15806
"13","China_global",2020-02-03,19716,425,614,0.185568250150331,1.26497837587861,12,12,18677
"14","China_global",2020-02-04,23707,491,843,0.202424426861432,1.23833962236908,13,13,22373
"15","China_global",2020-02-05,27440,563,1115,0.157464040156916,1.22860953584831,14,14,25762
"16","China_global",2020-02-06,30587,633,1477,0.114686588921283,1.20799100600715,15,15,28477
"17","China_global",2020-02-07,34110,718,1999,0.115179651485925,1.1545105185043,16,16,31393
"18","China_global",2020-02-08,36814,805,2596,0.0792729404866608,1.13302329665423,17,17,33413
"19","China_global",2020-02-09,39829,905,3219,0.0818981909056337,1.10933971324738,18,18,35705
"20","China_global",2020-02-10,42354,1012,3918,0.063396017976851,1.09069184268976,19,19,37424
"21","China_global",2020-02-11,44386,1112,4636,0.0479765783633187,1.0773128129916,20,20,38638
"22","China_global",2020-02-12,44759,1117,5082,0.00840355066912991,1.05584393873875,21,21,38560
"23","China_global",2020-02-13,59895,1369,6217,0.338166625706562,1.10223833721909,22,22,52309
"24","China_global",2020-02-14,66358,1521,7977,0.107905501293931,1.10748735715555,23,23,56860
"25","China_global",2020-02-15,68413,1663,9298,0.0309683836161427,1.10064899302058,24,24,57452
"26","China_global",2020-02-16,70513,1766,10755,0.0306959203660123,1.09699497116964,25,25,57992
"27","China_global",2020-02-17,72434,1864,12462,0.0272432033809368,1.10106363345051,26,26,58108
"28","China_global",2020-02-18,74211,2003,14206,0.0245326780241323,1.04379579492342,27,27,58002
"29","China_global",2020-02-19,74619,2116,15962,0.00549783724784735,1.0237436649142,28,28,56541
"30","China_global",2020-02-20,75077,2238,18014,0.00613784692906632,1.01876415270112,29,29,54825
"31","China_global",2020-02-21,75550,2238,18704,0.00630019846291141,1.01389517260131,30,30,54608
"32","China_global",2020-02-22,77001,2443,22699,0.0192058239576439,1.01230359534208,31,31,51859
"33","China_global",2020-02-23,77022,2445,23187,0.000272723730860638,1.0074634554084,32,32,51390
"34","China_global",2020-02-24,77241,2595,25015,0.00284334346031004,1.00693095620041,33,33,49631
"35","China_global",2020-02-25,77754,2665,27676,0.00664155047189964,1.00703175613655,34,34,47413
"36","China_global",2020-02-26,78166,2717,30084,0.00529876276461661,1.00683124355943,35,35,45365
"37","China_global",2020-02-27,78600,2746,32930,0.00555228616022312,1.00411911847425,36,36,42924
"38","China_global",2020-02-28,78928,2790,36329,0.00417302798982188,1.00490096044301,37,37,39809
"39","China_global",2020-02-29,79356,2837,39320,0.0054226636934928,1.00541735193865,38,38,37199
"40","China_global",2020-03-01,79932,2872,42162,0.00725843036443369,1.00554054768243,39,39,34898
"41","China_global",2020-03-02,80136,2914,44854,0.00255216934394235,1.00499049542971,40,40,32368
"42","China_global",2020-03-03,80261,2947,47450,0.00155984825796147,1.00419118351222,41,41,29864
"43","China_global",2020-03-04,80386,2983,50001,0.00155741892077098,1.00366750633868,42,42,27402
"44","China_global",2020-03-05,80537,3015,52292,0.00187843654367676,1.00295889845941,43,43,25230
"45","China_global",2020-03-06,80690,3044,53944,0.00189974794193973,1.0018894585097,44,44,23702
"46","China_global",2020-03-07,80770,3072,55539,0.000991448754492502,1.00157732630152,45,45,22159
"47","China_global",2020-03-08,80823,3100,57388,0.000656184226816887,1.00139652507793,46,46,20335
"48","China_global",2020-03-09,80860,3123,58804,0.00045779048043255,1.00117653808719,47,47,18933
"49","China_global",2020-03-10,80887,3139,60181,0.000333910462527826,1.00086765875467,48,48,17567
"50","China_global",2020-03-11,80921,3161,61644,0.000420339485949535,1.00057190712597,49,49,16116
"51","China_global",2020-03-12,80932,3172,62901,0.000135935047762633,1.00040081759846,50,50,14859
"52","China_global",2020-03-13,80945,3180,64196,0.000160628675925468,1.00030171214739,51,51,13569
"53","China_global",2020-03-14,80977,3193,65660,0.000395330162455989,1.00028922172072,52,52,12124
"54","China_global",2020-03-15,81003,3203,67017,0.000321078824851501,1.00028665549467,53,53,10783
"55","China_global",2020-03-16,81033,3217,67910,0.000370356653457279,1.00027666006423,54,54,9906
"56","China_global",2020-03-17,81058,3230,68798,0.000308516283489443,1.00031117878551,55,55,9030
"57","China_global",2020-03-18,81102,3241,69755,0.000542821189765353,1.00038761711136,56,56,8106
"58","China_global",2020-03-19,81156,3249,70535,0.000665828216320189,1.0004417104548,57,57,7372
"59","China_global",2020-03-20,81250,3253,71266,0.00115826309823057,1.00060911147034,58,58,6731
"60","China_global",2020-03-21,81305,3259,71857,0.000676923076923077,1.00067043187219,59,59,6189
"61","China_global",2020-03-22,81435,3274,72362,0.00159891765574073,1.00092847240617,60,60,5799
"62","China_global",2020-03-23,81498,3274,72814,0.000773623135015657,1.00097464632707,61,61,5410
"63","China_global",2020-03-24,81591,3281,73280,0.0011411322977251,1.0010697184188,62,62,5030
"64","China_global",2020-03-25,81661,3285,73773,0.00085793776274344,1.00100965145606,63,63,4603
"65","China_global",2020-03-26,81782,3291,74181,0.00148173546735896,1.00117061567968,64,64,4310
"66","China_global",2020-03-27,81897,3296,74720,0.00140617739844954,1.00113208114584,65,65,3881
"67","China_global",2020-03-28,81999,3299,75100,0.0012454668669182,1.00122646589481,66,66,3600
"68","China_global",2020-03-29,82122,3304,75582,0.00150001829290601,1.00129823892102,67,67,3236
"69","China_global",2020-03-30,82198,3308,75923,0.000925452375733665,1.00131174741938,68,68,2967
"70","China_global",2020-03-31,82279,3309,76206,0.000985425436141999,1.00121248258228,69,69,2764
"71","China_global",2020-04-01,82361,3316,76405,0.000996609098311841,1.00113057136468,70,70,2640
"72","China_global",2020-04-02,82432,3322,76565,0.000862058498561212,1.00105388674354,71,71,2545
"73","China_global",2020-04-03,82511,3326,76760,0.000958365683229814,1.00094558104587,72,72,2425
"74","China_global",2020-04-04,82543,3330,76946,0.000387827077601774,1.0008380307141,73,73,2267
"75","China_global",2020-04-05,82602,3333,77207,0.000714778963691652,1.00078390353585,74,74,2062
"76","China_global",2020-04-06,82665,3335,77310,0.000762693397254304,1.00073712596411,75,75,2020
"77","China_global",2020-04-07,82718,3335,77410,0.000641141958507228,1.00069294427028,76,76,1973
"78","China_global",2020-04-08,82809,3337,77567,0.00110012331052492,1.00072128667233,77,77,1905
"79","China_global",2020-04-09,82883,3339,77679,0.000893622673863952,1.00082245905197,78,78,1865
"80","China_global",2020-04-10,82941,3340,77791,0.000699781619873798,1.00081945924247,79,79,1810
"81","China_global",2020-04-11,83014,3343,77877,0.000880143716617837,1.00084294953605,80,80,1794
"82","China_global",2020-04-12,83134,3343,77956,0.00144553930662298,1.00100380973484,81,81,1835
"83","China_global",2020-04-13,83213,3345,78039,0.000950273053143118,1.00097384077229,82,82,1829
"84","China_global",2020-04-14,83306,3345,78200,0.00111761383437684,1.00101863858485,83,83,1761
"85","China_global",2020-04-15,83356,3346,78311,0.000600196864571579,1.00099871449446,84,84,1699
"86","China_global",2020-04-16,83403,3346,78401,0.000563846633715629,1.00093543958482,85,85,1656
"87","China_global",2020-04-17,83760,4636,77552,0.00428042156756951,1.0015014866581,86,86,1572
"88","China_global",2020-04-18,83787,4636,77614,0.000322349570200573,1.00137580126092,87,87,1537
"89","China_global",2020-04-19,83805,4636,77690,0.000214830462959648,1.00119513284051,88,88,1479
"90","China_global",2020-04-20,83817,4636,77745,0.000143189547163057,1.00110366031869,89,89,1436
"91","China_global",2020-04-21,83853,4636,77799,0.000429507140556212,1.00107677648072,90,90,1418
"92","China_global",2020-04-22,83868,4636,77861,0.000178884476405138,1.00025774675513,91,91,1371
"93","China_global",2020-04-23,83884,4636,77983,0.000190775981303954,1.00023143235231,92,92,1265
"94","China_global",2020-04-24,83899,4636,78109,0.000178818368222784,1.00022422971008,93,93,1154
"95","China_global",2020-04-25,83909,4636,78175,0.000119190931953897,1.00021942955205,94,94,1098
"96","China_global",2020-04-26,83912,4637,78277,3.57530181506155e-05,1.00014068286587,95,95,998
"97","China_global",2020-04-27,83918,4637,78374,7.15034798360187e-05,1.00011920656452,96,96,907
"98","China_global",2020-04-28,83940,4637,78422,0.000262160680664458,1.00013348207525,97,97,881
"99","China_global",2020-04-29,83944,4637,78474,4.76530855372885e-05,1.00010724883167,98,98,833
"100","China_global",2020-04-30,83956,4637,78523,0.000142952444486801,1.00011200103227,99,99,796
"101","China_global",2020-05-01,83959,4637,78573,3.57330030015722e-05,1.00011199702893,100,100,749
"102","China_global",2020-05-02,83959,4637,78586,0,1.00009769534489,101,101,736
"103","China_global",2020-05-03,83964,4637,78684,5.95528769994878e-05,1.00005717716381,102,102,643
"104","China_global",2020-05-04,83966,4637,78792,2.38197322662093e-05,1.00005241040232,103,103,537
"105","China_global",2020-05-05,83968,4637,78870,2.38191649000786e-05,1.00002858476818,104,104,461
"106","China_global",2020-05-06,83970,4637,78929,2.38185975609756e-05,1.00002620189277,105,105,404
"107","China_global",2020-05-07,83975,4637,78977,5.9545075622246e-05,1.00003811093628,106,106,361
"108","China_global",2020-05-08,83976,4637,78993,1.19083060434653e-05,1.00002858204481,107,107,346
"109","China_global",2020-05-09,83990,4637,79127,0.000166714299323616,1.00005715946098,108,108,226
"110","China_global",2020-05-10,84010,4637,79167,0.000238123586141207,1.00010001810051,109,109,206
"111","China_global",2020-05-11,84011,4637,79198,1.19033448399e-05,1.00009763485703,110,110,176
"112","China_global",2020-05-12,84018,4637,79222,8.33224220637774e-05,1.00010239046221,111,111,159
"113","China_global",2020-05-13,84024,4637,79246,7.14132685853031e-05,1.00011429224826,112,112,141
"114","China_global",2020-05-14,84029,4637,79261,5.9506807578787e-05,1.00009285095439,113,113,131
"115","China_global",2020-05-15,84038,4637,79281,0.000107105880112818,1.00006664984611,114,114,120
"116","China_global",2020-05-16,84044,4638,79293,7.13962731145434e-05,1.00007854880001,115,115,113
"117","China_global",2020-05-17,84054,4638,79306,0.000118985293417734,1.0000856812385,116,116,110
"118","China_global",2020-05-18,84063,4638,79310,0.000107074023841816,1.00009281338957,117,117,115
"119","China_global",2020-05-19,84063,4638,79310,0,1.0000809113484,118,118,115
"120","China_global",2020-05-20,84063,4638,79310,0,1.00005948981576,119,119,115
"121","China_global",2020-05-21,84063,4638,79310,0,1.00004521032337,120,120,115
"122","China_global",2020-05-22,84081,4638,79332,0.00021412512044538,1.00006423616121,121,121,111
"123","China_global",2020-05-23,84084,4638,79335,3.56798801156028e-05,1.00004995753634,122,122,111
"124","China_global",2020-05-24,84095,4638,79343,0.000130821559392988,1.00007612178622,123,123,114
"125","China_global",2020-05-25,84102,4638,79352,8.32391937689518e-05,1.00009277033792,124,124,112
"126","China_global",2020-05-26,84103,4638,79358,1.18903236546099e-05,1.00009514861196,125,125,107
"127","China_global",2020-05-27,84106,4638,79367,3.56705468294829e-05,1.0000594593956,126,126,101
"128","China_global",2020-05-28,84106,4638,79371,0,1.00005232314805,127,127,97
"129","China_global",2020-05-29,84123,4638,79382,0.000202125888759423,1.00006658248797,128,128,103
"130","China_global",2020-05-30,84128,4638,79386,5.94367771001985e-05,1.0000618220386,129,129,104
"131","China_global",2020-05-31,84146,4638,79389,0.000213959680486877,1.00010223466159,130,130,119
"132","China_global",2020-06-01,84154,4638,79398,9.50728495709838e-05,1.00011411563063,131,131,118
"133","China_global",2020-06-02,84161,4638,79400,8.31808351355848e-05,1.00013075314255,132,132,123
"134","China_global",2020-06-03,84160,4638,79404,-1.18819880942479e-05,1.00008795095801,133,133,118
"135","Germany",2020-01-22,0,0,0,NA,NA,-39,-39,0
"136","Germany",2020-01-23,0,0,0,NA,NA,-38,-38,0
"137","Germany",2020-01-24,0,0,0,NA,NA,-37,-37,0
"138","Germany",2020-01-25,0,0,0,NA,NA,-36,-36,0
"139","Germany",2020-01-26,0,0,0,NA,NA,-35,-35,0
"140","Germany",2020-01-27,1,0,0,NA,NA,-34,-34,1
"141","Germany",2020-01-28,4,0,0,3,NA,-33,-33,4
"142","Germany",2020-01-29,4,0,0,0,NA,-32,-32,4
"143","Germany",2020-01-30,4,0,0,0,NA,-31,-31,4
"144","Germany",2020-01-31,5,0,0,0.25,NA,-30,-30,5
"145","Germany",2020-02-01,8,0,0,0.6,1.5157165665104,-29,-29,8
"146","Germany",2020-02-02,10,0,0,0.25,1.20112443398143,-28,-28,10
"147","Germany",2020-02-03,12,0,0,0.2,1.24573093961552,-27,-27,12
"148","Germany",2020-02-04,12,0,0,0,1.24573093961552,-26,-26,12
"149","Germany",2020-02-05,12,0,0,0,1.19135789816709,-25,-25,12
"150","Germany",2020-02-06,12,0,0,0,1.0844717711977,-24,-24,12
"151","Germany",2020-02-07,13,0,0,0.0833333333333333,1.05387395206178,-23,-23,13
"152","Germany",2020-02-08,13,0,0,0,1.0161373647416,-22,-22,13
"153","Germany",2020-02-09,14,0,0,0.0769230769230769,1.03131030647755,-21,-21,14
"154","Germany",2020-02-10,14,0,0,0,1.03131030647755,-20,-20,14
"155","Germany",2020-02-11,16,0,0,0.142857142857143,1.05922384104881,-19,-19,16
"156","Germany",2020-02-12,16,0,0,0,1.0424022162773,-18,-18,16
"157","Germany",2020-02-13,16,0,1,0,1.0424022162773,-17,-17,15
"158","Germany",2020-02-14,16,0,1,0,1.02706608708935,-16,-16,15
"159","Germany",2020-02-15,16,0,1,0,1.02706608708935,-15,-15,15
"160","Germany",2020-02-16,16,0,1,0,1,-14,-14,15
"161","Germany",2020-02-17,16,0,1,0,1,-13,-13,15
"162","Germany",2020-02-18,16,0,12,0,1,-12,-12,4
"163","Germany",2020-02-19,16,0,12,0,1,-11,-11,4
"164","Germany",2020-02-20,16,0,12,0,1,-10,-10,4
"165","Germany",2020-02-21,16,0,14,0,1,-9,-9,2
"166","Germany",2020-02-22,16,0,14,0,1,-8,-8,2
"167","Germany",2020-02-23,16,0,14,0,1,-7,-7,2
"168","Germany",2020-02-24,16,0,14,0,1,-6,-6,2
"169","Germany",2020-02-25,17,0,14,0.0625,1.01219872924994,-5,-5,3
"170","Germany",2020-02-26,27,0,15,0.588235294117647,1.11032151746146,-4,-4,12
"171","Germany",2020-02-27,46,0,16,0.703703703703704,1.23517237451928,-3,-3,30
"172","Germany",2020-02-28,48,0,16,0.0434782608695652,1.24573093961552,-2,-2,32
"173","Germany",2020-02-29,79,0,16,0.645833333333333,1.37626296019447,-1,-1,63
"174","Germany",2020-03-01,130,0,16,0.645569620253165,1.50210013858075,0,0,114
"175","Germany",2020-03-02,159,0,16,0.223076923076923,1.42562949526883,1,1,143
"176","Germany",2020-03-03,196,0,16,0.232704402515723,1.33628670621084,2,2,180
"177","Germany",2020-03-04,262,0,16,0.336734693877551,1.40414517123041,3,3,246
"178","Germany",2020-03-05,482,0,16,0.83969465648855,1.43576707340081,4,4,466
"179","Germany",2020-03-06,670,0,17,0.390041493775934,1.38811769392775,5,5,653
"180","Germany",2020-03-07,799,0,18,0.192537313432836,1.38111528279502,6,6,781
"181","Germany",2020-03-08,1040,0,18,0.30162703379224,1.39622514024098,7,7,1022
"182","Germany",2020-03-09,1176,2,18,0.130769230769231,1.35027182622317,8,8,1156
"183","Germany",2020-03-10,1457,2,18,0.238945578231293,1.24762050157678,9,9,1437
"184","Germany",2020-03-11,1908,3,25,0.309540150995196,1.23282295852598,10,10,1880
"185","Germany",2020-03-12,2078,3,25,0.0890985324947589,1.21065319578393,11,11,2050
"186","Germany",2020-03-13,3675,7,46,0.768527430221367,1.28719635363307,12,12,3622
"187","Germany",2020-03-14,4585,9,46,0.247619047619048,1.31276322958121,13,13,4530
"188","Germany",2020-03-15,5795,11,46,0.263904034896401,1.3180102195947,14,14,5738
"189","Germany",2020-03-16,7272,17,67,0.254874892148404,1.30681797649716,15,15,7188
"190","Germany",2020-03-17,9257,24,67,0.272964796479648,1.34823297258154,16,16,9166
"191","Germany",2020-03-18,12327,28,105,0.331640920384574,1.2738550423748,17,17,12194
"192","Germany",2020-03-19,15320,44,113,0.24280035694005,1.27286951418929,18,18,15163
"193","Germany",2020-03-20,19848,67,180,0.29556135770235,1.27918295014542,19,19,19601
"194","Germany",2020-03-21,22213,84,233,0.119155582426441,1.25023216896562,20,20,21896
"195","Germany",2020-03-22,24873,94,266,0.119749696123891,1.21857308423964,21,21,24513
"196","Germany",2020-03-23,29056,123,266,0.168174325573915,1.18706824157355,22,22,28667
"197","Germany",2020-03-24,32986,157,3243,0.135256057268722,1.1657734973694,23,23,29586
"198","Germany",2020-03-25,37323,206,3547,0.131480021827442,1.1346239817625,24,24,33570
"199","Germany",2020-03-26,43938,267,5673,0.177236556546901,1.14616360427006,25,25,37998
"200","Germany",2020-03-27,50871,342,6658,0.157790523009695,1.1538475201364,26,26,43871
"201","Germany",2020-03-28,57695,433,8481,0.134143225020149,1.14704503703434,27,27,48781
"202","Germany",2020-03-29,62095,533,9211,0.0762631077216397,1.13486811764522,28,28,52351
"203","Germany",2020-03-30,66885,645,13500,0.0771398663338433,1.12375189557201,29,29,52740
"204","Germany",2020-03-31,71808,775,16100,0.0736039470733348,1.1032311335527,30,30,54933
"205","Germany",2020-04-01,77872,920,18700,0.0844474153297683,1.08888549042764,31,31,58252
"206","Germany",2020-04-02,84794,1107,22440,0.088889459626053,1.08005379943403,32,32,61247
"207","Germany",2020-04-03,91159,1275,24575,0.0750642734155719,1.07981308081606,33,33,65309
"208","Germany",2020-04-04,96092,1444,26400,0.0541142399543654,1.07515653811435,34,34,68248
"209","Germany",2020-04-05,100123,1584,28700,0.041949381842401,1.06874034567291,35,35,69839
"210","Germany",2020-04-06,103374,1810,28700,0.0324700618239565,1.05829318268608,36,36,72864
"211","Germany",2020-04-07,107663,2016,36081,0.041490123241821,1.04891493911547,37,37,69566
"212","Germany",2020-04-08,113296,2349,46300,0.0523206672673063,1.04443881879292,38,38,64647
"213","Germany",2020-04-09,118181,2607,52407,0.0431171444711199,1.04225043623666,39,39,63167
"214","Germany",2020-04-10,122171,2767,53913,0.0337617721968844,1.0406072682355,40,40,65491
"215","Germany",2020-04-11,124908,2736,57400,0.0224030252678623,1.03857003150528,41,41,64772
"216","Germany",2020-04-12,127854,3022,60300,0.0235853588240945,1.03497430666708,42,42,64532
"217","Germany",2020-04-13,130072,3194,64300,0.0173479124626527,1.02800173633849,43,43,62578
"218","Germany",2020-04-14,131359,3294,68200,0.00989451995817701,1.02136844112742,44,44,59865
"219","Germany",2020-04-15,134753,3804,72600,0.0258375901156373,1.01979778134583,45,45,58349
"220","Germany",2020-04-16,137698,4052,77000,0.0218548010062856,1.01968839242111,46,46,56646
"221","Germany",2020-04-17,141397,4352,83114,0.0268631352670337,1.02034061699707,47,47,53931
"222","Germany",2020-04-18,143342,4459,85400,0.0137555959461658,1.01961902028837,48,48,53483
"223","Germany",2020-04-19,145184,4586,88000,0.0128503857906266,1.02021518843043,49,49,52598
"224","Germany",2020-04-20,147065,4862,91500,0.0129559731099846,1.017640017888,50,50,50703
"225","Germany",2020-04-21,148291,5033,95200,0.0083364498691055,1.01493313719713,51,51,48058
"226","Germany",2020-04-22,150648,5279,99400,0.0158944238018491,1.01275555745049,52,52,45969
"227","Germany",2020-04-23,153129,5575,103300,0.0164688545483511,1.0132970944147,53,53,44254
"228","Germany",2020-04-24,154999,5760,109800,0.0122119258925481,1.01316931389455,54,54,39439
"229","Germany",2020-04-25,156513,5877,109800,0.00976780495358035,1.01253074152838,55,55,40836
"230","Germany",2020-04-26,157770,5976,112000,0.00803128174656418,1.01246944660678,56,56,39794
"231","Germany",2020-04-27,158758,6126,114500,0.00626228053495595,1.01054218950082,57,57,38132
"232","Germany",2020-04-28,159912,6314,117400,0.00726892503054964,1.00870627315069,58,58,36198
"233","Germany",2020-04-29,161539,6467,120400,0.0101743458902396,1.00829984113369,59,59,34672
"234","Germany",2020-04-30,163009,6623,123500,0.00909996966676778,1.00816643295346,60,60,32886
"235","Germany",2020-05-01,164077,6736,126900,0.00655178548423707,1.00787032013447,61,61,30441
"236","Germany",2020-05-02,164967,6812,129000,0.00542428250150844,1.00770239675139,62,62,29155
"237","Germany",2020-05-03,165664,6866,130600,0.00422508744173077,1.00709262975321,63,63,28198
"238","Germany",2020-05-04,166152,6993,132700,0.0029457214603052,1.0056471719916,64,64,26459
"239","Germany",2020-05-05,167007,6993,135100,0.00514589050989455,1.0048578238927,65,65,24914
"240","Germany",2020-05-06,168162,7275,139900,0.00691587777757818,1.0049305092866,66,66,20987
"241","Germany",2020-05-07,169430,7392,141700,0.00754034799776406,1.00535315887991,67,67,20338
"242","Germany",2020-05-08,170588,7510,141700,0.00683468098919908,1.00587512160361,68,68,21378
"243","Germany",2020-05-09,171324,7549,143300,0.0043144887096396,1.00614952487597,69,69,20475
"244","Germany",2020-05-10,171879,7569,144400,0.00323947608040905,1.00576757139702,70,70,19910
"245","Germany",2020-05-11,172576,7661,145617,0.00405517835221289,1.00519543343212,71,71,19298
"246","Germany",2020-05-12,173171,7738,147200,0.00344775635082514,1.00437749002979,72,72,18233
"247","Germany",2020-05-13,174098,7861,148700,0.00535309029802912,1.00408172091428,73,73,17537
"248","Germany",2020-05-14,174478,7884,150300,0.00218267872118002,1.00365509534863,74,74,16294
"249","Germany",2020-05-15,175233,7897,151597,0.00432719311317186,1.00387263455609,75,75,15739
"250","Germany",2020-05-16,175752,7938,152600,0.00296177089931691,1.00365389752137,76,76,15214
"251","Germany",2020-05-17,176369,7962,154011,0.00351062861304566,1.00366647424182,77,77,14396
"252","Germany",2020-05-18,176551,8003,155041,0.00103192737952815,1.00280220433909,78,78,13507
"253","Germany",2020-05-19,177778,8081,155681,0.0069498331926752,1.0037544145626,79,79,14016
"254","Germany",2020-05-20,178473,8144,156966,0.00390937011328736,1.00367088371896,80,80,13363
"255","Germany",2020-05-21,179021,8203,158087,0.00307049245544144,1.00369264246038,81,81,12731
"256","Germany",2020-05-22,179710,8228,159064,0.00384871048647924,1.00376026198736,82,82,12418
"257","Germany",2020-05-23,179986,8261,159716,0.00153580769016749,1.00386129237702,83,83,12009
"258","Germany",2020-05-24,180328,8283,160281,0.0019001477892725,1.00285242724877,84,84,11764
"259","Germany",2020-05-25,180600,8309,161199,0.0015083625393727,1.00237227173606,85,85,11092
"260","Germany",2020-05-26,181200,8372,161967,0.00332225913621262,1.00242258497098,86,86,10861
"261","Germany",2020-05-27,181524,8428,162820,0.00178807947019868,1.00201070592835,87,87,10276
"262","Germany",2020-05-28,182196,8470,163360,0.003701989819528,1.00244377327815,88,88,10366
"263","Germany",2020-05-29,182922,8504,164245,0.00398471975235461,1.00286056715479,89,89,10173
"264","Germany",2020-05-30,183189,8530,164908,0.00145963853445731,1.00285080900679,90,90,9751
"265","Germany",2020-05-31,183410,8540,165352,0.00120640431466955,1.00242747964008,91,91,9518
"266","Germany",2020-06-01,183594,8555,165632,0.00100321683659561,1.0022703576769,92,92,9407
"267","Germany",2020-06-02,183879,8563,166609,0.00155233831170953,1.00184067234259,93,93,8707
"268","Germany",2020-06-03,184121,8602,167453,0.00131608285883652,1.00130751759739,94,94,8066
"269","Italy",2020-01-22,0,0,0,NA,NA,-32,-32,0
"270","Italy",2020-01-23,0,0,0,NA,NA,-31,-31,0
"271","Italy",2020-01-24,0,0,0,NA,NA,-30,-30,0
"272","Italy",2020-01-25,0,0,0,NA,NA,-29,-29,0
"273","Italy",2020-01-26,0,0,0,NA,NA,-28,-28,0
"274","Italy",2020-01-27,0,0,0,NA,NA,-27,-27,0
"275","Italy",2020-01-28,0,0,0,NA,NA,-26,-26,0
"276","Italy",2020-01-29,0,0,0,NA,NA,-25,-25,0
"277","Italy",2020-01-30,0,0,0,NA,NA,-24,-24,0
"278","Italy",2020-01-31,2,0,0,NA,NA,-23,-23,2
"279","Italy",2020-02-01,2,0,0,0,NA,-22,-22,2
"280","Italy",2020-02-02,2,0,0,0,NA,-21,-21,2
"281","Italy",2020-02-03,2,0,0,0,NA,-20,-20,2
"282","Italy",2020-02-04,2,0,0,0,NA,-19,-19,2
"283","Italy",2020-02-05,2,0,0,0,1,-18,-18,2
"284","Italy",2020-02-06,2,0,0,0,1,-17,-17,2
"285","Italy",2020-02-07,3,0,0,0.5,1.0844717711977,-16,-16,3
"286","Italy",2020-02-08,3,0,0,0,1.0844717711977,-15,-15,3
"287","Italy",2020-02-09,3,0,0,0,1.0844717711977,-14,-14,3
"288","Italy",2020-02-10,3,0,0,0,1.0844717711977,-13,-13,3
"289","Italy",2020-02-11,3,0,0,0,1.0844717711977,-12,-12,3
"290","Italy",2020-02-12,3,0,0,0,1,-11,-11,3
"291","Italy",2020-02-13,3,0,0,0,1,-10,-10,3
"292","Italy",2020-02-14,3,0,0,0,1,-9,-9,3
"293","Italy",2020-02-15,3,0,0,0,1,-8,-8,3
"294","Italy",2020-02-16,3,0,0,0,1,-7,-7,3
"295","Italy",2020-02-17,3,0,0,0,1,-6,-6,3
"296","Italy",2020-02-18,3,0,0,0,1,-5,-5,3
"297","Italy",2020-02-19,3,0,0,0,1,-4,-4,3
"298","Italy",2020-02-20,3,0,0,0,1,-3,-3,3
"299","Italy",2020-02-21,20,1,0,5.66666666666667,1.46144255162193,-2,-2,19
"300","Italy",2020-02-22,62,2,1,2.1,1.83254263268616,-1,-1,59
"301","Italy",2020-02-23,155,3,2,1.5,2.20111173243201,0,0,150
"302","Italy",2020-02-24,229,7,1,0.47741935483871,2.37981307094059,1,1,221
"303","Italy",2020-02-25,322,10,1,0.406113537117904,2.54769200023615,2,2,311
"304","Italy",2020-02-26,453,12,3,0.406832298136646,1.86643831508566,3,3,438
"305","Italy",2020-02-27,655,17,45,0.445916114790287,1.60239625799746,4,4,593
"306","Italy",2020-02-28,888,21,46,0.355725190839695,1.41780418361611,5,5,821
"307","Italy",2020-02-29,1128,29,46,0.27027027027027,1.37560809697708,6,6,1053
"308","Italy",2020-03-01,1694,34,83,0.50177304964539,1.39383545302397,7,7,1577
"309","Italy",2020-03-02,2036,52,149,0.201889020070838,1.35062851454485,8,8,1835
"310","Italy",2020-03-03,2502,79,160,0.228880157170923,1.3074021688239,9,9,2263
"311","Italy",2020-03-04,3089,107,276,0.234612310151879,1.28316051892394,10,10,2706
"312","Italy",2020-03-05,3858,148,414,0.248947879572677,1.27882354813973,11,11,3296
"313","Italy",2020-03-06,4636,197,523,0.2016588906169,1.22305504742252,12,12,3916
"314","Italy",2020-03-07,5883,233,589,0.268981880931838,1.23641485687317,13,13,5061
"315","Italy",2020-03-08,7375,366,622,0.253612102668706,1.24135198734889,14,14,6387
"316","Italy",2020-03-09,9172,463,724,0.243661016949153,1.24316629678345,15,15,7985
"317","Italy",2020-03-10,10149,631,724,0.106519843000436,1.2134229532198,16,16,8794
"318","Italy",2020-03-11,12462,827,1045,0.22790422701744,1.21867769906843,17,17,10590
"319","Italy",2020-03-12,15113,1016,1045,0.21272668913497,1.20767580837117,18,18,13052
"320","Italy",2020-03-13,17660,1266,1439,0.168530404287699,1.19081894390973,19,19,14955
"321","Italy",2020-03-14,21157,1441,1966,0.1980181200453,1.18194701451195,20,20,17750
"322","Italy",2020-03-15,24747,1809,2335,0.169683792598194,1.19514296978664,21,21,20603
"323","Italy",2020-03-16,27980,2158,2749,0.130642098032085,1.17557946886657,22,22,23073
"324","Italy",2020-03-17,31506,2503,2941,0.12601858470336,1.15826655770116,23,23,26062
"325","Italy",2020-03-18,35713,2978,4025,0.133530121246747,1.15124332968746,24,24,28710
"326","Italy",2020-03-19,41035,3405,4440,0.149021364769132,1.14166863623747,25,25,33190
"327","Italy",2020-03-20,47021,4032,4440,0.145875472157914,1.13698271023699,26,26,38549
"328","Italy",2020-03-21,53578,4825,6072,0.139448331596521,1.13874834172188,27,27,42681
"329","Italy",2020-03-22,59138,5476,7024,0.10377393706372,1.13421313613569,28,28,46638
"330","Italy",2020-03-23,63927,6077,7024,0.0809800804897021,1.12349617470849,29,29,50826
"331","Italy",2020-03-24,69176,6820,8326,0.0821092808985249,1.11009514083521,30,30,54030
"332","Italy",2020-03-25,74386,7503,9362,0.075315138198219,1.09607398228399,31,31,57521
"333","Italy",2020-03-26,80589,8215,10361,0.083389347457855,1.0850702436007,32,32,62013
"334","Italy",2020-03-27,86498,9134,10950,0.0733226619017484,1.07901600494936,33,33,66414
"335","Italy",2020-03-28,92472,10023,12384,0.0690651806978196,1.07662679753548,34,34,70065
"336","Italy",2020-03-29,97689,10779,13030,0.0564170776018687,1.07146513435041,35,35,73880
"337","Italy",2020-03-30,101739,11591,14620,0.04145809661272,1.06463135282487,36,36,75528
"338","Italy",2020-03-31,105792,12428,15729,0.039837230560552,1.05593068897044,37,37,77635
"339","Italy",2020-04-01,110574,13155,16847,0.0452019056261343,1.05033875669299,38,38,80572
"340","Italy",2020-04-02,115242,13915,18278,0.0422160724944381,1.04500918393402,39,39,83049
"341","Italy",2020-04-03,119827,14681,19758,0.0397858419673383,1.04169793800327,40,40,85388
"342","Italy",2020-04-04,124632,15362,20996,0.0400994767456416,1.04142600952022,41,41,88274
"343","Italy",2020-04-05,128948,15887,21815,0.0346299505744913,1.04038086662882,42,42,91246
"344","Italy",2020-04-06,132547,16523,22837,0.027910475540528,1.03691552386169,43,43,93187
"345","Italy",2020-04-07,135586,17127,24392,0.0229277162063268,1.03304874005254,44,44,94067
"346","Italy",2020-04-08,139422,17669,26491,0.0282920065493488,1.03075470150082,45,45,95262
"347","Italy",2020-04-09,143626,18279,28470,0.0301530604926052,1.02877570641034,46,46,96877
"348","Italy",2020-04-10,147577,18849,30455,0.0275089468480637,1.02735564930982,47,47,98273
"349","Italy",2020-04-11,152271,19468,32534,0.0318071244164064,1.0281333800229,48,48,100269
"350","Italy",2020-04-12,156363,19899,34211,0.0268731406505507,1.02892525978384,49,49,102253
"351","Italy",2020-04-13,159516,20465,35435,0.0201646169490225,1.02729361419433,50,50,103616
"352","Italy",2020-04-14,162488,21067,37130,0.0186313598635874,1.0249853203045,51,51,104291
"353","Italy",2020-04-15,165155,21645,38092,0.0164135197676136,1.02276206121518,52,52,105418
"354","Italy",2020-04-16,168941,22170,40164,0.0229239199539826,1.02099489858984,53,53,106607
"355","Italy",2020-04-17,172434,22745,42727,0.02067585725194,1.01975955127844,54,54,106962
"356","Italy",2020-04-18,175925,23227,44927,0.020245427235928,1.01977570640666,55,55,107771
"357","Italy",2020-04-19,178972,23660,47055,0.0173198806309507,1.01951298055505,56,56,108257
"358","Italy",2020-04-20,181228,24114,48877,0.0126053237377914,1.01874787128479,57,57,108237
"359","Italy",2020-04-21,183957,24648,51600,0.0150583794998565,1.01717634432751,58,58,107709
"360","Italy",2020-04-22,187327,25085,54543,0.0183194985784721,1.01670625410037,59,59,107699
"361","Italy",2020-04-23,189973,25549,57576,0.0141250326968349,1.01548348378951,60,60,106848
"362","Italy",2020-04-24,192994,25969,60498,0.0159022597948129,1.01520031353937,61,61,106527
"363","Italy",2020-04-25,195351,26384,63120,0.0122128149061629,1.01512159839198,62,62,105847
"364","Italy",2020-04-26,197675,26644,64928,0.0118965349550297,1.01448840065732,63,63,106103
"365","Italy",2020-04-27,199414,26977,66624,0.0087972682433287,1.01258398284048,64,64,105813
"366","Italy",2020-04-28,201505,27359,68941,0.0104857231688848,1.01185618151123,65,65,105205
"367","Italy",2020-04-29,203591,27682,71252,0.0103521004441577,1.01074814655802,66,66,104657
"368","Italy",2020-04-30,205463,27967,75945,0.00919490547224583,1.01014471797412,67,67,101551
"369","Italy",2020-05-01,207428,28236,78249,0.00956376573884349,1.00967854176193,68,68,100943
"370","Italy",2020-05-02,209328,28710,79914,0.00915980484794724,1.00975110199462,69,69,100704
"371","Italy",2020-05-03,210717,28884,81654,0.00663551937628984,1.00898044559988,70,70,100179
"372","Italy",2020-05-04,211938,29079,82879,0.00579450163014849,1.00806851638006,71,71,99980
"373","Italy",2020-05-05,213013,29315,85231,0.00507223810737102,1.00724355406391,72,72,98467
"374","Italy",2020-05-06,214457,29684,93245,0.00677892898555487,1.00668725260116,73,73,91528
"375","Italy",2020-05-07,215858,29958,96276,0.00653277813267928,1.00616258795499,74,74,89624
"376","Italy",2020-05-08,217185,30201,99023,0.00614755996998026,1.00606502300436,75,75,87961
"377","Italy",2020-05-09,218268,30395,103031,0.0049865322190759,1.00590333369609,76,76,84842
"378","Italy",2020-05-10,219070,30560,105186,0.00367438195246211,1.00562337549739,77,77,83324
"379","Italy",2020-05-11,219814,30739,106587,0.00339617473866801,1.00494669110486,78,78,82488
"380","Italy",2020-05-12,221216,30911,109039,0.00637811968300472,1.00491580625856,79,79,81266
"381","Italy",2020-05-13,222104,31106,112541,0.00401417618978736,1.00448928995312,80,80,78457
"382","Italy",2020-05-14,223096,31368,115288,0.00446637611209163,1.00438528867015,81,81,76440
"383","Italy",2020-05-15,223885,31610,120205,0.00353659411195181,1.00435771006843,82,82,72070
"384","Italy",2020-05-16,224760,31763,122810,0.00390825647095607,1.00446020363767,83,83,70187
"385","Italy",2020-05-17,225435,31908,125176,0.00300320341697811,1.00378560121419,84,84,68351
"386","Italy",2020-05-18,225886,32007,127326,0.00200057666289618,1.00338264960702,85,85,66553
"387","Italy",2020-05-19,226699,32169,129401,0.00359916063855219,1.00320933377752,86,86,65129
"388","Italy",2020-05-20,227364,32330,132282,0.00293340508780365,1.00308870630814,87,87,62752
"389","Italy",2020-05-21,228006,32486,134560,0.00282366601572808,1.00287187157548,88,88,60960
"390","Italy",2020-05-22,228658,32616,136720,0.00285957387086305,1.00284314778225,89,89,59322
"391","Italy",2020-05-23,229327,32735,138840,0.00292576686579958,1.00302827305822,90,90,57752
"392","Italy",2020-05-24,229858,32785,140479,0.00231547092143533,1.00277154977558,91,91,56594
"393","Italy",2020-05-25,230158,32877,141981,0.00130515361658067,1.00244574038745,92,92,55300
"394","Italy",2020-05-26,230555,32955,144658,0.00172490202382711,1.00222597406776,93,93,52942
"395","Italy",2020-05-27,231139,33072,147101,0.00253301815185097,1.00216069568403,94,94,50966
"396","Italy",2020-05-28,231732,33142,150604,0.00256555579110405,1.00208869808151,95,95,47986
"397","Italy",2020-05-29,232248,33229,152844,0.00222671016519082,1.00207094931796,96,96,46175
"398","Italy",2020-05-30,232664,33340,155633,0.00179118872928938,1.00216821180148,97,97,43691
"399","Italy",2020-05-31,232997,33415,157507,0.00143124849568476,1.00210944821381,98,98,42075
"400","Italy",2020-06-01,233197,33475,158355,0.000858380150817392,1.00177443820438,99,99,41367
"401","Italy",2020-06-02,233515,33530,160092,0.00136365390635386,1.00153413224826,100,100,39893
"402","Italy",2020-06-03,233836,33601,160938,0.00137464402715029,1.00136377884106,101,101,39297
"403","Netherlands_global",2020-01-22,0,0,0,NA,NA,-44,-44,0
"404","Netherlands_global",2020-01-23,0,0,0,NA,NA,-43,-43,0
"405","Netherlands_global",2020-01-24,0,0,0,NA,NA,-42,-42,0
"406","Netherlands_global",2020-01-25,0,0,0,NA,NA,-41,-41,0
"407","Netherlands_global",2020-01-26,0,0,0,NA,NA,-40,-40,0
"408","Netherlands_global",2020-01-27,0,0,0,NA,NA,-39,-39,0
"409","Netherlands_global",2020-01-28,0,0,0,NA,NA,-38,-38,0
"410","Netherlands_global",2020-01-29,0,0,0,NA,NA,-37,-37,0
"411","Netherlands_global",2020-01-30,0,0,0,NA,NA,-36,-36,0
"412","Netherlands_global",2020-01-31,0,0,0,NA,NA,-35,-35,0
"413","Netherlands_global",2020-02-01,0,0,0,NA,NA,-34,-34,0
"414","Netherlands_global",2020-02-02,0,0,0,NA,NA,-33,-33,0
"415","Netherlands_global",2020-02-03,0,0,0,NA,NA,-32,-32,0
"416","Netherlands_global",2020-02-04,0,0,0,NA,NA,-31,-31,0
"417","Netherlands_global",2020-02-05,0,0,0,NA,NA,-30,-30,0
"418","Netherlands_global",2020-02-06,0,0,0,NA,NA,-29,-29,0
"419","Netherlands_global",2020-02-07,0,0,0,NA,NA,-28,-28,0
"420","Netherlands_global",2020-02-08,0,0,0,NA,NA,-27,-27,0
"421","Netherlands_global",2020-02-09,0,0,0,NA,NA,-26,-26,0
"422","Netherlands_global",2020-02-10,0,0,0,NA,NA,-25,-25,0
"423","Netherlands_global",2020-02-11,0,0,0,NA,NA,-24,-24,0
"424","Netherlands_global",2020-02-12,0,0,0,NA,NA,-23,-23,0
"425","Netherlands_global",2020-02-13,0,0,0,NA,NA,-22,-22,0
"426","Netherlands_global",2020-02-14,0,0,0,NA,NA,-21,-21,0
"427","Netherlands_global",2020-02-15,0,0,0,NA,NA,-20,-20,0
"428","Netherlands_global",2020-02-16,0,0,0,NA,NA,-19,-19,0
"429","Netherlands_global",2020-02-17,0,0,0,NA,NA,-18,-18,0
"430","Netherlands_global",2020-02-18,0,0,0,NA,NA,-17,-17,0
"431","Netherlands_global",2020-02-19,0,0,0,NA,NA,-16,-16,0
"432","Netherlands_global",2020-02-20,0,0,0,NA,NA,-15,-15,0
"433","Netherlands_global",2020-02-21,0,0,0,NA,NA,-14,-14,0
"434","Netherlands_global",2020-02-22,0,0,0,NA,NA,-13,-13,0
"435","Netherlands_global",2020-02-23,0,0,0,NA,NA,-12,-12,0
"436","Netherlands_global",2020-02-24,0,0,0,NA,NA,-11,-11,0
"437","Netherlands_global",2020-02-25,0,0,0,NA,NA,-10,-10,0
"438","Netherlands_global",2020-02-26,0,0,0,NA,NA,-9,-9,0
"439","Netherlands_global",2020-02-27,1,0,0,NA,NA,-8,-8,1
"440","Netherlands_global",2020-02-28,1,0,0,0,NA,-7,-7,1
"441","Netherlands_global",2020-02-29,6,0,0,5,NA,-6,-6,6
"442","Netherlands_global",2020-03-01,10,0,0,0.666666666666667,NA,-5,-5,10
"443","Netherlands_global",2020-03-02,18,0,0,0.8,NA,-4,-4,18
"444","Netherlands_global",2020-03-03,24,0,0,0.333333333333333,1.8881750225898,-3,-3,24
"445","Netherlands_global",2020-03-04,38,0,0,0.583333333333333,2.06993505408161,-2,-2,38
"446","Netherlands_global",2020-03-05,82,0,0,1.15789473684211,1.68706773785713,-1,-1,82
"447","Netherlands_global",2020-03-06,128,1,0,0.560975609756098,1.66510641480375,0,0,127
"448","Netherlands_global",2020-03-07,188,1,0,0.46875,1.59873715741408,1,1,187
"449","Netherlands_global",2020-03-08,265,3,0,0.409574468085106,1.61661619972269,2,2,262
"450","Netherlands_global",2020-03-09,321,3,0,0.211320754716981,1.532301713233,3,3,318
"451","Netherlands_global",2020-03-10,382,4,0,0.190031152647975,1.36034762304744,4,4,378
"452","Netherlands_global",2020-03-11,503,5,0,0.316753926701571,1.31483605024348,5,5,498
"453","Netherlands_global",2020-03-12,503,5,0,0,1.21753660527138,6,6,498
"454","Netherlands_global",2020-03-13,806,10,0,0.602385685884692,1.24915932280941,7,7,796
"455","Netherlands_global",2020-03-14,962,12,0,0.193548387096774,1.24547211330195,8,8,950
"456","Netherlands_global",2020-03-15,1138,20,0,0.182952182952183,1.24398682225209,9,9,1118
"457","Netherlands_global",2020-03-16,1416,24,0,0.244288224956063,1.2299828433988,10,10,1392
"458","Netherlands_global",2020-03-17,1711,43,0,0.208333333333333,1.2774279224976,11,11,1668
"459","Netherlands_global",2020-03-18,2058,58,0,0.202805376972531,1.20620761445431,12,12,2000
"460","Netherlands_global",2020-03-19,2467,77,0,0.198736637512148,1.20725445162333,13,13,2390
"461","Netherlands_global",2020-03-20,3003,107,0,0.217267936765302,1.21417871155151,14,14,2896
"462","Netherlands_global",2020-03-21,3640,137,0,0.212121212121212,1.20783504408109,15,15,3503
"463","Netherlands_global",2020-03-22,4217,180,0,0.158516483516484,1.19770735988857,16,16,4037
"464","Netherlands_global",2020-03-23,4764,214,0,0.129713066160778,1.18278355188473,17,17,4550
"465","Netherlands_global",2020-03-24,5580,277,1,0.171284634760705,1.17731590150667,18,18,5302
"466","Netherlands_global",2020-03-25,6438,357,1,0.153763440860215,1.16476718841283,19,19,6080
"467","Netherlands_global",2020-03-26,7468,435,3,0.159987573780677,1.15457084113164,20,20,7030
"468","Netherlands_global",2020-03-27,8647,547,3,0.157873594001071,1.15444267268281,21,21,8097
"469","Netherlands_global",2020-03-28,9819,640,3,0.13553833699549,1.15563078204498,22,22,9176
"470","Netherlands_global",2020-03-29,10930,772,3,0.113147978409207,1.14392405487939,23,23,10155
"471","Netherlands_global",2020-03-30,11817,865,3,0.0811527904849039,1.12914899581898,24,24,10949
"472","Netherlands_global",2020-03-31,12667,1040,3,0.0719302699500719,1.1114601398153,25,25,11624
"473","Netherlands_global",2020-04-01,13696,1175,10,0.0812347043498855,1.09634100478319,26,26,12511
"474","Netherlands_global",2020-04-02,14788,1341,10,0.079731308411215,1.08534656569518,27,27,13437
"475","Netherlands_global",2020-04-03,15821,1490,10,0.0698539356234785,1.07676952047391,28,28,14321
"476","Netherlands_global",2020-04-04,16727,1656,12,0.0572656595663991,1.07196884693845,29,29,15059
"477","Netherlands_global",2020-04-05,17953,1771,7,0.0732946732827166,1.07224159859237,30,30,16175
"478","Netherlands_global",2020-04-06,18926,1874,8,0.0541970701275553,1.06682459046251,31,31,17044
"479","Netherlands_global",2020-04-07,19709,2108,22,0.0413716580365635,1.05913429184045,32,32,17579
"480","Netherlands_global",2020-04-08,20682,2255,22,0.0493683088944137,1.05504679042593,33,33,18405
"481","Netherlands_global",2020-04-09,21903,2403,28,0.0590368436321439,1.055400047169,34,34,19472
"482","Netherlands_global",2020-04-10,23249,2520,37,0.0614527690270739,1.05306080675788,35,35,20692
"483","Netherlands_global",2020-04-11,24571,2653,41,0.0568626607596026,1.05359281245484,36,36,21877
"484","Netherlands_global",2020-04-12,25746,2747,45,0.0478206015221196,1.05489451717128,37,37,22954
"485","Netherlands_global",2020-04-13,26710,2833,45,0.0374427095471141,1.05248586238598,38,38,23832
"486","Netherlands_global",2020-04-14,27580,2955,47,0.0325720703856234,1.04717226643876,39,39,24578
"487","Netherlands_global",2020-04-15,28316,3145,54,0.026686004350979,1.0402207800275,40,40,25117
"488","Netherlands_global",2020-04-16,29383,3327,61,0.0376818759711824,1.03641731663451,41,41,25995
"489","Netherlands_global",2020-04-17,30619,3471,65,0.0420651397066331,1.03527624161104,42,42,27083
"490","Netherlands_global",2020-04-18,31766,3613,67,0.0374604004049773,1.03527977236984,43,43,28086
"491","Netherlands_global",2020-04-19,32838,3697,72,0.0337467732796071,1.03551522191159,44,44,29069
"492","Netherlands_global",2020-04-20,33588,3764,72,0.0228393933857117,1.03473811827731,45,45,29752
"493","Netherlands_global",2020-04-21,34317,3929,74,0.0217041800643087,1.03153183562499,46,46,30314
"494","Netherlands_global",2020-04-22,35032,4068,101,0.020835154588105,1.02729408112448,47,47,30863
"495","Netherlands_global",2020-04-23,35921,4192,101,0.025376798355789,1.0248898152094,48,48,31628
"496","Netherlands_global",2020-04-24,36729,4304,102,0.0224938058517302,1.02264872478894,49,49,32323
"497","Netherlands_global",2020-04-25,37384,4424,102,0.0178333197201122,1.02164573118953,50,50,32858
"498","Netherlands_global",2020-04-26,38040,4491,117,0.017547613952493,1.02081310948842,51,51,33432
"499","Netherlands_global",2020-04-27,38440,4534,117,0.010515247108307,1.01874077561469,52,52,33789
"500","Netherlands_global",2020-04-28,38612,4582,117,0.004474505723205,1.01455308507648,53,53,33913
"501","Netherlands_global",2020-04-29,38998,4727,119,0.00999689215787838,1.01206089886693,54,54,34152
"502","Netherlands_global",2020-04-30,39512,4811,125,0.0131801630852864,1.01113384860801,55,55,34576
"503","Netherlands_global",2020-05-01,39989,4909,138,0.0120722818384288,1.01004333484863,56,56,34942
"504","Netherlands_global",2020-05-02,40434,5003,138,0.0111280602165596,1.01016581052746,57,57,35293
"505","Netherlands_global",2020-05-03,40769,5072,138,0.00828510659346095,1.01093108844625,58,58,35559
"506","Netherlands_global",2020-05-04,40968,5098,138,0.00488115970467757,1.00990491441662,59,59,35732
"507","Netherlands_global",2020-05-05,41286,5185,139,0.00776215582893966,1.00882249807816,60,60,35962
"508","Netherlands_global",2020-05-06,41518,5221,146,0.00561933827447561,1.0075327599296,61,61,36151
"509","Netherlands_global",2020-05-07,41973,5306,147,0.0109591020762079,1.00749908620469,62,62,36520
"510","Netherlands_global",2020-05-08,42292,5377,147,0.00760012388916685,1.00736215924726,63,63,36768
"511","Netherlands_global",2020-05-09,42581,5441,149,0.00683344367729121,1.00775327623241,64,64,36991
"512","Netherlands_global",2020-05-10,42826,5459,149,0.00575373993095512,1.0073512759983,65,65,37218
"513","Netherlands_global",2020-05-11,42987,5475,149,0.0037593984962406,1.00697837139886,66,66,37363
"514","Netherlands_global",2020-05-12,43183,5529,149,0.00455951799381208,1.00570025394372,67,67,37505
"515","Netherlands_global",2020-05-13,43410,5581,157,0.00525669823773244,1.00523201673394,68,68,37672
"516","Netherlands_global",2020-05-14,43680,5609,159,0.00621976503109883,1.00510944633602,69,69,37912
"517","Netherlands_global",2020-05-15,43880,5662,159,0.00457875457875458,1.00487448998448,70,70,38059
"518","Netherlands_global",2020-05-16,44070,5689,167,0.00432999088422972,1.00498870926954,71,71,38214
"519","Netherlands_global",2020-05-17,44195,5699,167,0.00283639664170638,1.0046437009623,72,72,38329
"520","Netherlands_global",2020-05-18,44341,5713,167,0.0033035411245616,1.0042530039845,73,73,38461
"521","Netherlands_global",2020-05-19,44449,5734,167,0.00243566901964322,1.003496525249,74,74,38548
"522","Netherlands_global",2020-05-20,44647,5767,169,0.00445454340930055,1.00347170855015,75,75,38711
"523","Netherlands_global",2020-05-21,44900,5794,169,0.00566667413264049,1.0037386746523,76,76,38937
"524","Netherlands_global",2020-05-22,45088,5807,174,0.00418708240534521,1.00400890930575,77,77,39107
"525","Netherlands_global",2020-05-23,45265,5830,174,0.00392565649396735,1.00413338898426,78,78,39261
"526","Netherlands_global",2020-05-24,45437,5841,174,0.0037998453551309,1.00440653767719,79,79,39422
"527","Netherlands_global",2020-05-25,45647,5849,174,0.00462178400862733,1.00443998197117,80,80,39624
"528","Netherlands_global",2020-05-26,45780,5875,174,0.0029136635485355,1.00388944830339,81,81,39731
"529","Netherlands_global",2020-05-27,45970,5890,177,0.00415028396679773,1.00388209068919,82,82,39903
"530","Netherlands_global",2020-05-28,46152,5922,178,0.00395910376332391,1.00388877976363,83,83,40052
"531","Netherlands_global",2020-05-29,46328,5950,178,0.00381348587276824,1.00389150809403,84,84,40200
"532","Netherlands_global",2020-05-30,46460,5970,178,0.0028492488343982,1.00353700847885,85,85,40312
"533","Netherlands_global",2020-05-31,46645,5975,178,0.00398191993112355,1.00375070151998,86,86,40492
"534","Netherlands_global",2020-06-01,46749,5981,179,0.00222960660306571,1.00336642478561,87,87,40589
"535","Netherlands_global",2020-06-02,46852,5986,180,0.00220325568461357,1.00301521669945,88,88,40686
"536","Netherlands_global",2020-06-03,46939,5996,180,0.0018569111243917,1.00262390773202,89,89,40763
"537","Spain",2020-01-22,0,0,0,NA,NA,-40,-40,0
"538","Spain",2020-01-23,0,0,0,NA,NA,-39,-39,0
"539","Spain",2020-01-24,0,0,0,NA,NA,-38,-38,0
"540","Spain",2020-01-25,0,0,0,NA,NA,-37,-37,0
"541","Spain",2020-01-26,0,0,0,NA,NA,-36,-36,0
"542","Spain",2020-01-27,0,0,0,NA,NA,-35,-35,0
"543","Spain",2020-01-28,0,0,0,NA,NA,-34,-34,0
"544","Spain",2020-01-29,0,0,0,NA,NA,-33,-33,0
"545","Spain",2020-01-30,0,0,0,NA,NA,-32,-32,0
"546","Spain",2020-01-31,0,0,0,NA,NA,-31,-31,0
"547","Spain",2020-02-01,1,0,0,NA,NA,-30,-30,1
"548","Spain",2020-02-02,1,0,0,0,NA,-29,-29,1
"549","Spain",2020-02-03,1,0,0,0,NA,-28,-28,1
"550","Spain",2020-02-04,1,0,0,0,NA,-27,-27,1
"551","Spain",2020-02-05,1,0,0,0,NA,-26,-26,1
"552","Spain",2020-02-06,1,0,0,0,1,-25,-25,1
"553","Spain",2020-02-07,1,0,0,0,1,-24,-24,1
"554","Spain",2020-02-08,1,0,0,0,1,-23,-23,1
"555","Spain",2020-02-09,2,0,0,1,1.14869835499704,-22,-22,2
"556","Spain",2020-02-10,2,0,0,0,1.14869835499704,-21,-21,2
"557","Spain",2020-02-11,2,0,0,0,1.14869835499704,-20,-20,2
"558","Spain",2020-02-12,2,0,0,0,1.14869835499704,-19,-19,2
"559","Spain",2020-02-13,2,0,0,0,1.14869835499704,-18,-18,2
"560","Spain",2020-02-14,2,0,0,0,1,-17,-17,2
"561","Spain",2020-02-15,2,0,2,0,1,-16,-16,0
"562","Spain",2020-02-16,2,0,2,0,1,-15,-15,0
"563","Spain",2020-02-17,2,0,2,0,1,-14,-14,0
"564","Spain",2020-02-18,2,0,2,0,1,-13,-13,0
"565","Spain",2020-02-19,2,0,2,0,1,-12,-12,0
"566","Spain",2020-02-20,2,0,2,0,1,-11,-11,0
"567","Spain",2020-02-21,2,0,2,0,1,-10,-10,0
"568","Spain",2020-02-22,2,0,2,0,1,-9,-9,0
"569","Spain",2020-02-23,2,0,2,0,1,-8,-8,0
"570","Spain",2020-02-24,2,0,2,0,1,-7,-7,0
"571","Spain",2020-02-25,6,0,2,2,1.24573093961552,-6,-6,4
"572","Spain",2020-02-26,13,0,2,1.16666666666667,1.454061151101,-5,-5,11
"573","Spain",2020-02-27,15,0,2,0.153846153846154,1.49627786973884,-4,-4,13
"574","Spain",2020-02-28,32,0,2,1.13333333333333,1.74110112659225,-3,-3,30
"575","Spain",2020-02-29,45,0,2,0.40625,1.86395963659568,-2,-2,43
"576","Spain",2020-03-01,84,0,2,0.866666666666667,1.69521820307244,-1,-1,82
"577","Spain",2020-03-02,120,0,2,0.428571428571429,1.55972336758245,0,0,118
"578","Spain",2020-03-03,165,1,2,0.375,1.61539426620218,1,1,162
"579","Spain",2020-03-04,222,2,2,0.345454545454545,1.47312838982105,2,2,218
"580","Spain",2020-03-05,259,3,2,0.166666666666667,1.41911454092166,3,3,254
"581","Spain",2020-03-06,400,5,2,0.544401544401544,1.36633168936047,4,4,393
"582","Spain",2020-03-07,500,10,30,0.25,1.33032499713099,5,5,460
"583","Spain",2020-03-08,673,17,30,0.346,1.32466549524765,6,6,626
"584","Spain",2020-03-09,1073,28,32,0.594353640416048,1.37040630950593,7,7,1013
"585","Spain",2020-03-10,1695,35,32,0.579683131407269,1.45604228554545,8,8,1628
"586","Spain",2020-03-11,2277,54,183,0.343362831858407,1.41599137449006,9,9,2040
"587","Spain",2020-03-12,2277,55,183,0,1.3541868906747,10,10,2039
"588","Spain",2020-03-13,5232,133,193,1.29776021080369,1.50705996932571,11,11,4906
"589","Spain",2020-03-14,6391,195,517,0.221521406727829,1.42887362262248,12,12,5679
"590","Spain",2020-03-15,7798,289,517,0.220153340635268,1.35694643903608,13,13,6992
"591","Spain",2020-03-16,9942,342,530,0.274942292895614,1.34283343344314,14,14,9070
"592","Spain",2020-03-17,11748,533,1028,0.181653590826795,1.38841782751125,15,15,10187
"593","Spain",2020-03-18,13910,623,1081,0.184031324480763,1.2159952513008,16,16,12206
"594","Spain",2020-03-19,17963,830,1107,0.29137311286844,1.22959477910669,17,17,16026
"595","Spain",2020-03-20,20410,1043,1588,0.136224461392863,1.21219351076799,18,18,17779
"596","Spain",2020-03-21,25374,1375,2125,0.243214110730034,1.20609921652026,19,19,21874
"597","Spain",2020-03-22,28768,1772,2575,0.133758965870576,1.19615964491465,20,20,24421
"598","Spain",2020-03-23,35136,2311,2575,0.221357063403782,1.20360792238196,21,21,30250
"599","Spain",2020-03-24,39885,2808,3794,0.135160519125683,1.17296794896823,22,22,33283
"600","Spain",2020-03-25,49515,3647,5367,0.241444151936818,1.19392969989875,23,23,40501
"601","Spain",2020-03-26,57786,4365,7015,0.167040290820963,1.17892652613991,24,24,46406
"602","Spain",2020-03-27,65719,5138,9357,0.137282386737272,1.17965837487068,25,25,51224
"603","Spain",2020-03-28,73235,5982,12285,0.114365708546996,1.1582259031629,26,26,54968
"604","Spain",2020-03-29,80110,6803,14709,0.0938758790195945,1.14967589862616,27,27,58598
"605","Spain",2020-03-30,87956,7716,16780,0.0979403320434403,1.12177494936452,28,28,63460
"606","Spain",2020-03-31,95923,8464,19259,0.0905793805993906,1.10667480804164,29,29,68200
"607","Spain",2020-04-01,104118,9387,22647,0.0854331078052188,1.09639481779406,30,30,72084
"608","Spain",2020-04-02,112065,10348,26743,0.0763268599089495,1.08880538947535,31,31,74974
"609","Spain",2020-04-03,119199,11198,30513,0.0636594833355642,1.08272253521316,32,32,77488
"610","Spain",2020-04-04,126168,11947,34219,0.0584652555810032,1.07482250094841,33,33,80002
"611","Spain",2020-04-05,131646,12641,38080,0.0434182994103101,1.06536146264132,34,34,80925
"612","Spain",2020-04-06,136675,13341,40437,0.0382009328046428,1.0559239806679,35,35,82897
"613","Spain",2020-04-07,141942,14045,43208,0.0385366745930126,1.04840283089914,36,36,84689
"614","Spain",2020-04-08,148220,14792,48021,0.0442293331078891,1.04454424201219,37,37,85407
"615","Spain",2020-04-09,153222,15447,52165,0.0337471326406693,1.03961941554682,38,38,85610
"616","Spain",2020-04-10,158273,16081,55668,0.0329652399785932,1.03752801757081,39,39,86524
"617","Spain",2020-04-11,163027,16606,59109,0.0300367087247983,1.03589107390992,40,40,87312
"618","Spain",2020-04-12,166831,17209,62391,0.0233335582449533,1.03284027952389,41,41,87231
"619","Spain",2020-04-13,170099,17756,64727,0.0195886855560417,1.02791922885493,42,42,87616
"620","Spain",2020-04-14,172541,18056,67504,0.0143563454223717,1.02403367093777,43,43,86981
"621","Spain",2020-04-15,177644,18708,70853,0.0295755791377122,1.02336071663643,44,44,88083
"622","Spain",2020-04-16,184948,19315,74797,0.0411159397446579,1.02555279011443,45,45,90836
"623","Spain",2020-04-17,190839,20002,74797,0.0318521962930121,1.0272545554037,46,46,96040
"624","Spain",2020-04-18,191726,20043,74797,0.00464789691834478,1.02422612741303,47,47,96886
"625","Spain",2020-04-19,198674,20453,77357,0.0362392163817114,1.0286076382649,48,48,100864
"626","Spain",2020-04-20,200210,20852,80587,0.00773125824214542,1.02420536023245,49,49,98771
"627","Spain",2020-04-21,204178,21282,82514,0.0198191898506568,1.01998048176189,50,50,100382
"628","Spain",2020-04-22,208389,21717,85915,0.0206241612710478,1.01775098573805,51,51,100757
"629","Spain",2020-04-23,213024,22157,89250,0.0222420569223903,1.0212909999289,52,52,101617
"630","Spain",2020-04-24,202990,22524,92355,-0.0471026738771218,1.00430753613303,53,53,88111
"631","Spain",2020-04-25,205905,22902,95708,0.0143603133159269,1.00562537969703,54,54,87295
"632","Spain",2020-04-26,207634,23190,98372,0.00839707632160462,1.00336259126041,55,55,86072
"633","Spain",2020-04-27,209465,23521,100875,0.00881840161052621,1.00103055777802,56,56,85069
"634","Spain",2020-04-28,210773,23822,102548,0.00624447998472298,0.997877633322741,57,57,84403
"635","Spain",2020-04-29,212917,24275,108947,0.0101720808642473,1.00959487884477,58,58,79695
"636","Spain",2020-04-30,213435,24543,112050,0.00243287290352579,1.00720935099981,59,59,76842
"637","Spain",2020-05-01,215216,24543,112050,0.00834446084287956,1.00719884007916,60,60,78623
"638","Spain",2020-05-02,216582,25100,117248,0.00634711173890417,1.00670489134333,61,61,74234
"639","Spain",2020-05-03,217466,25264,118902,0.0040815949617235,1.00627174383727,62,62,73300
"640","Spain",2020-05-04,218011,25428,121343,0.00250613889067716,1.00473981793308,63,63,71240
"641","Spain",2020-05-05,219329,25613,123486,0.00604556650811198,1.00546297773008,64,64,70230
"642","Spain",2020-05-06,220325,25857,126002,0.00454112315288904,1.0047033369335,65,65,68466
"643","Spain",2020-05-07,221447,26070,128511,0.00509247702258028,1.0044526948326,66,66,66866
"644","Spain",2020-05-08,222857,26299,131148,0.00636721201912873,1.00490957138213,67,67,65410
"645","Spain",2020-05-09,223578,26478,133952,0.00323525848414005,1.00505570239654,68,68,63148
"646","Spain",2020-05-10,224350,26621,136166,0.00345293365179043,1.00453715120231,69,69,61563
"647","Spain",2020-05-11,227436,26744,137139,0.0137552930688656,1.00637325352956,70,70,63553
"648","Spain",2020-05-12,228030,26920,138980,0.00261172373766686,1.00587597944589,71,71,62130
"649","Spain",2020-05-13,228691,27104,140823,0.00289874139367627,1.00518166608143,72,72,60764
"650","Spain",2020-05-14,229540,27321,143374,0.00371243293352165,1.00527726794054,73,73,58845
"651","Spain",2020-05-15,230183,27459,144783,0.0028012546832796,1.00514666125628,74,74,57941
"652","Spain",2020-05-16,230698,27563,146446,0.0022373502821668,1.00285218290455,75,75,56689
"653","Spain",2020-05-17,230698,27563,146446,0,1.00232916763207,76,76,56689
"654","Spain",2020-05-18,231606,27709,150376,0.00393588154210266,1.00253639215553,77,77,53521
"655","Spain",2020-05-19,232037,27778,150376,0.00186091897446526,1.00216625002789,78,78,53883
"656","Spain",2020-05-20,232555,27888,150376,0.0022324025909661,1.00205252584482,79,79,54291
"657","Spain",2020-05-21,233037,27940,150376,0.00207262798047774,1.00201958529419,80,80,54721
"658","Spain",2020-05-22,234824,28628,150376,0.00766831018250321,1.003551652525,81,81,55820
"659","Spain",2020-05-23,235290,28678,150376,0.00198446496099206,1.00316121489314,82,82,56236
"660","Spain",2020-05-24,235772,28752,150376,0.00204853584937736,1.00319878415487,83,83,56644
"661","Spain",2020-05-25,235400,26834,150376,-0.00157779549734489,1.00243484716441,84,84,58190
"662","Spain",2020-05-26,236259,27117,150376,0.00364910790144435,1.00275005882219,85,85,58766
"663","Spain",2020-05-27,236259,27117,150376,0,1.0012192153405,86,86,58766
"664","Spain",2020-05-28,237906,27119,150376,0.00697116300331416,1.00221381523415,87,87,60411
"665","Spain",2020-05-29,238564,27121,150376,0.00276579825645423,1.0023572503146,88,88,61067
"666","Spain",2020-05-30,239228,27125,150376,0.00278332019919183,1.00323138515616,89,89,61727
"667","Spain",2020-05-31,239479,27127,150376,0.00104920828665541,1.00271108224443,90,90,61976
"668","Spain",2020-06-01,239638,27127,150376,0.000663941305918264,1.00284419515854,91,91,62135
"669","Spain",2020-06-02,239932,27127,150376,0.00122685049950342,1.00169742142967,92,92,62429
"670","Spain",2020-06-03,240326,27128,150376,0.00164213193738226,1.00147282691157,93,93,62822
"671","United Kingdom_global",2020-01-22,0,0,0,NA,NA,-43,-43,0
"672","United Kingdom_global",2020-01-23,0,0,0,NA,NA,-42,-42,0
"673","United Kingdom_global",2020-01-24,0,0,0,NA,NA,-41,-41,0
"674","United Kingdom_global",2020-01-25,0,0,0,NA,NA,-40,-40,0
"675","United Kingdom_global",2020-01-26,0,0,0,NA,NA,-39,-39,0
"676","United Kingdom_global",2020-01-27,0,0,0,NA,NA,-38,-38,0
"677","United Kingdom_global",2020-01-28,0,0,0,NA,NA,-37,-37,0
"678","United Kingdom_global",2020-01-29,0,0,0,NA,NA,-36,-36,0
"679","United Kingdom_global",2020-01-30,0,0,0,NA,NA,-35,-35,0
"680","United Kingdom_global",2020-01-31,2,0,0,NA,NA,-34,-34,2
"681","United Kingdom_global",2020-02-01,2,0,0,0,NA,-33,-33,2
"682","United Kingdom_global",2020-02-02,2,0,0,0,NA,-32,-32,2
"683","United Kingdom_global",2020-02-03,2,0,0,0,NA,-31,-31,2
"684","United Kingdom_global",2020-02-04,2,0,0,0,NA,-30,-30,2
"685","United Kingdom_global",2020-02-05,2,0,0,0,1,-29,-29,2
"686","United Kingdom_global",2020-02-06,2,0,0,0,1,-28,-28,2
"687","United Kingdom_global",2020-02-07,3,0,0,0.5,1.0844717711977,-27,-27,3
"688","United Kingdom_global",2020-02-08,3,0,0,0,1.0844717711977,-26,-26,3
"689","United Kingdom_global",2020-02-09,3,0,0,0,1.0844717711977,-25,-25,3
"690","United Kingdom_global",2020-02-10,8,0,0,1.66666666666667,1.31950791077289,-24,-24,8
"691","United Kingdom_global",2020-02-11,8,0,0,0,1.31950791077289,-23,-23,8
"692","United Kingdom_global",2020-02-12,9,0,1,0.125,1.24573093961552,-22,-22,8
"693","United Kingdom_global",2020-02-13,9,0,1,0,1.24573093961552,-21,-21,8
"694","United Kingdom_global",2020-02-14,9,0,1,0,1.24573093961552,-20,-20,8
"695","United Kingdom_global",2020-02-15,9,0,1,0,1.02383625553961,-19,-19,8
"696","United Kingdom_global",2020-02-16,9,0,8,0,1.02383625553961,-18,-18,1
"697","United Kingdom_global",2020-02-17,9,0,8,0,1,-17,-17,1
"698","United Kingdom_global",2020-02-18,9,0,8,0,1,-16,-16,1
"699","United Kingdom_global",2020-02-19,9,0,8,0,1,-15,-15,1
"700","United Kingdom_global",2020-02-20,9,0,8,0,1,-14,-14,1
"701","United Kingdom_global",2020-02-21,9,0,8,0,1,-13,-13,1
"702","United Kingdom_global",2020-02-22,9,0,8,0,1,-12,-12,1
"703","United Kingdom_global",2020-02-23,9,0,8,0,1,-11,-11,1
"704","United Kingdom_global",2020-02-24,13,0,8,0.444444444444444,1.07631692251481,-10,-10,5
"705","United Kingdom_global",2020-02-25,13,0,8,0,1.07631692251481,-9,-9,5
"706","United Kingdom_global",2020-02-26,13,0,8,0,1.07631692251481,-8,-8,5
"707","United Kingdom_global",2020-02-27,15,0,8,0.153846153846154,1.10756634324829,-7,-7,7
"708","United Kingdom_global",2020-02-28,20,0,8,0.333333333333333,1.17316067631184,-6,-6,12
"709","United Kingdom_global",2020-02-29,23,0,8,0.15,1.12087426179583,-5,-5,15
"710","United Kingdom_global",2020-03-01,36,0,8,0.565217391304348,1.22594737959696,-4,-4,28
"711","United Kingdom_global",2020-03-02,40,0,8,0.111111111111111,1.25205477200706,-3,-3,32
"712","United Kingdom_global",2020-03-03,51,0,8,0.275,1.27730844458754,-2,-2,43
"713","United Kingdom_global",2020-03-04,86,0,8,0.686274509803922,1.3387321435504,-1,-1,78
"714","United Kingdom_global",2020-03-05,116,0,8,0.348837209302326,1.38212088839849,0,0,108
"715","United Kingdom_global",2020-03-06,164,1,8,0.413793103448276,1.35427939068273,1,1,155
"716","United Kingdom_global",2020-03-07,207,2,18,0.26219512195122,1.38925532730105,2,2,187
"717","United Kingdom_global",2020-03-08,274,2,18,0.323671497584541,1.39970359273817,3,3,254
"718","United Kingdom_global",2020-03-09,322,3,18,0.175182481751825,1.3021813891395,4,4,301
"719","United Kingdom_global",2020-03-10,384,7,19,0.192546583850932,1.27049993459236,5,5,358
"720","United Kingdom_global",2020-03-11,459,7,19,0.1953125,1.22855263432816,6,6,433
"721","United Kingdom_global",2020-03-12,459,9,19,0,1.17265016233416,7,7,431
"722","United Kingdom_global",2020-03-13,802,10,19,0.747276688453159,1.23960911526382,8,8,773
"723","United Kingdom_global",2020-03-14,1144,28,19,0.42643391521197,1.28858784541084,9,9,1097
"724","United Kingdom_global",2020-03-15,1145,43,19,0.000874125874125874,1.24421333737459,10,10,1083
"725","United Kingdom_global",2020-03-16,1551,66,21,0.354585152838428,1.27573309599234,11,11,1464
"726","United Kingdom_global",2020-03-17,1960,82,53,0.263700838168923,1.3368684594597,12,12,1825
"727","United Kingdom_global",2020-03-18,2642,116,67,0.347959183673469,1.26926320102739,13,13,2459
"728","United Kingdom_global",2020-03-19,2716,159,67,0.0280090840272521,1.18877796979812,14,14,2490
"729","United Kingdom_global",2020-03-20,4014,195,67,0.477908689248895,1.28515164450661,15,15,3752
"730","United Kingdom_global",2020-03-21,5067,251,67,0.262331838565022,1.26714939712946,16,16,4749
"731","United Kingdom_global",2020-03-22,5745,286,67,0.133806986382475,1.23995747864252,17,17,5392
"732","United Kingdom_global",2020-03-23,6726,360,67,0.170757180156658,1.20549332492931,18,18,6299
"733","United Kingdom_global",2020-03-24,8164,509,140,0.213797204876598,1.24621979719355,19,19,7515
"734","United Kingdom_global",2020-03-25,9640,695,140,0.180793728564429,1.19151614981126,20,20,8805
"735","United Kingdom_global",2020-03-26,11812,879,150,0.225311203319502,1.18444393048581,21,21,10783
"736","United Kingdom_global",2020-03-27,14745,1163,151,0.248306806637318,1.20745498481492,22,22,13431
"737","United Kingdom_global",2020-03-28,17312,1457,151,0.174092912851814,1.20814226047076,23,23,15704
"738","United Kingdom_global",2020-03-29,19780,1672,151,0.142560073937153,1.19361607286565,24,24,17957
"739","United Kingdom_global",2020-03-30,22453,2046,171,0.135136501516684,1.18423929746454,25,25,20236
"740","United Kingdom_global",2020-03-31,25481,2429,179,0.134859484256001,1.16621495392637,26,26,22873
"741","United Kingdom_global",2020-04-01,29865,3100,179,0.172049762568188,1.15160501756383,27,27,26586
"742","United Kingdom_global",2020-04-02,34173,3752,192,0.144249121044701,1.1456901324342,28,28,30229
"743","United Kingdom_global",2020-04-03,38689,4467,208,0.132151113452141,1.14359498838566,29,29,34014
"744","United Kingdom_global",2020-04-04,42477,5228,215,0.0979089663728708,1.13599361931633,30,30,37034
"745","United Kingdom_global",2020-04-05,48436,5874,229,0.140287685100172,1.13707827119264,31,31,42333
"746","United Kingdom_global",2020-04-06,52279,6445,287,0.0793418118754645,1.11849217609191,32,32,45547
"747","United Kingdom_global",2020-04-07,55949,7483,325,0.0702002716195796,1.10362579940296,33,33,48141
"748","United Kingdom_global",2020-04-08,61474,8519,345,0.0987506479114908,1.09703578314895,34,34,52610
"749","United Kingdom_global",2020-04-09,65872,9623,359,0.0715424407066402,1.09171531459208,35,35,55890
"750","United Kingdom_global",2020-04-10,74605,10776,588,0.132575297546757,1.09023452978859,36,36,63241
"751","United Kingdom_global",2020-04-11,79874,11616,622,0.0706252932109108,1.08846791667314,37,37,67636
"752","United Kingdom_global",2020-04-12,85206,12302,626,0.0667551393444675,1.08776622484781,38,38,72278
"753","United Kingdom_global",2020-04-13,89570,13047,304,0.0512170504424571,1.07818732068302,39,39,76219
"754","United Kingdom_global",2020-04-14,94845,14095,323,0.0588924863235458,1.07562953381901,40,40,80427
"755","United Kingdom_global",2020-04-15,99483,14941,368,0.0489008382097106,1.05924442699977,41,41,84174
"756","United Kingdom_global",2020-04-16,104145,15974,375,0.0468622779771418,1.05450003398282,42,42,87796
"757","United Kingdom_global",2020-04-17,109769,16910,394,0.0540016323395266,1.05196649059532,43,43,92465
"758","United Kingdom_global",2020-04-18,115314,18028,414,0.0505151727719119,1.05182597745162,44,44,96872
"759","United Kingdom_global",2020-04-19,121172,18527,436,0.050800423192327,1.05021342847995,45,45,102209
"760","United Kingdom_global",2020-04-20,125856,19092,446,0.0386557950681676,1.04815379301324,46,46,106318
"761","United Kingdom_global",2020-04-21,130172,20264,638,0.0342931604373252,1.04562469263137,47,47,109270
"762","United Kingdom_global",2020-04-22,134638,21111,683,0.0343084534308453,1.04168782626569,48,48,112844
"763","United Kingdom_global",2020-04-23,139246,21840,712,0.0342251073248266,1.0384369627056,49,49,116694
"764","United Kingdom_global",2020-04-24,144640,22853,724,0.0387371989141519,1.03604167986731,50,50,121063
"765","United Kingdom_global",2020-04-25,149569,23697,774,0.0340777101769911,1.03512675282173,51,51,125098
"766","United Kingdom_global",2020-04-26,154037,24117,778,0.0298725003175792,1.03424039157576,52,52,129142
"767","United Kingdom_global",2020-04-27,158348,24458,807,0.0279867823964372,1.03297303835403,53,53,133083
"768","United Kingdom_global",2020-04-28,162350,25369,813,0.0252734483542577,1.03117865072107,54,54,136168
"769","United Kingdom_global",2020-04-29,166441,26166,857,0.0251986449029874,1.02847651859886,55,55,139418
"770","United Kingdom_global",2020-04-30,172481,26842,859,0.0362891354894527,1.02891603216961,56,56,144780
"771","United Kingdom_global",2020-05-01,178685,27583,892,0.0359691792139424,1.03013136109829,57,57,150210
"772","United Kingdom_global",2020-05-02,183500,28205,896,0.0269468617958978,1.02992285869695,58,58,154399
"773","United Kingdom_global",2020-05-03,187842,28520,901,0.0236621253405995,1.02959892898896,59,59,158421
"774","United Kingdom_global",2020-05-04,191832,28809,910,0.0212412559491488,1.02880282389896,60,60,162113
"775","United Kingdom_global",2020-05-05,196243,29501,926,0.0229940781517161,1.02614936938878,61,61,165816
"776","United Kingdom_global",2020-05-06,202359,30150,934,0.0311654428438212,1.0251959588963,62,62,171275
"777","United Kingdom_global",2020-05-07,207977,30689,970,0.0277625408308995,1.02535876484642,63,63,176318
"778","United Kingdom_global",2020-05-08,212629,31316,997,0.0223678579842963,1.02509935111677,64,64,180316
"779","United Kingdom_global",2020-05-09,216525,31662,1001,0.0183229945115671,1.02451282307902,65,65,183862
"780","United Kingdom_global",2020-05-10,220449,31930,1002,0.0181226186352615,1.0235352208346,66,66,187517
"781","United Kingdom_global",2020-05-11,224332,32141,1015,0.0176140513225281,1.02083074321406,67,67,191176
"782","United Kingdom_global",2020-05-12,227741,32769,1023,0.0151962270206658,1.01832213211597,68,68,193949
"783","United Kingdom_global",2020-05-13,230985,33264,1032,0.014244251144941,1.01669867195708,69,69,196689
"784","United Kingdom_global",2020-05-14,234440,33693,1043,0.0149576812347122,1.01602579283048,70,70,199704
"785","United Kingdom_global",2020-05-15,238004,34078,1047,0.0152021839276574,1.0154422388743,71,71,202879
"786","United Kingdom_global",2020-05-16,241461,34546,1058,0.0145249659669585,1.01482499041344,72,72,205857
"787","United Kingdom_global",2020-05-17,244995,34716,1058,0.0146359039347969,1.01471294203588,73,73,209221
"788","United Kingdom_global",2020-05-18,247709,34876,1090,0.0110777770974918,1.01407856186521,74,74,211743
"789","United Kingdom_global",2020-05-19,250138,35422,1099,0.0098058609093735,1.01304699367889,75,75,213617
"790","United Kingdom_global",2020-05-20,249619,35786,1116,-0.00207485468021652,1.00957520677298,76,76,212717
"791","United Kingdom_global",2020-05-21,252246,36124,1134,0.0105240386348796,1.00877766624493,77,77,214988
"792","United Kingdom_global",2020-05-22,255544,36475,1142,0.0130745383474862,1.00846700482676,78,78,217927
"793","United Kingdom_global",2020-05-23,258504,36757,1149,0.0115831324546849,1.00856779476709,79,79,220598
"794","United Kingdom_global",2020-05-24,260916,36875,1151,0.00933060997121901,1.00847284323842,80,80,222890
"795","United Kingdom_global",2020-05-25,262547,36996,1161,0.00625105397905839,1.01015003734394,81,81,224390
"796","United Kingdom_global",2020-05-26,266599,37130,1161,0.0154334271578041,1.01112964980983,82,82,228308
"797","United Kingdom_global",2020-05-27,268619,37542,1166,0.00757692264412095,1.0100298476196,83,83,229911
"798","United Kingdom_global",2020-05-28,270508,37919,1167,0.00703226502965166,1.00911943193179,84,84,231422
"799","United Kingdom_global",2020-05-29,272607,38243,1172,0.00775947476599583,1.00880507484149,85,85,233192
"800","United Kingdom_global",2020-05-30,274219,38458,1187,0.00591327442068619,1.0087373383667,86,86,234574
"801","United Kingdom_global",2020-05-31,276156,38571,1190,0.00706369726386574,1.00706892102583,87,87,236395
"802","United Kingdom_global",2020-06-01,277736,39127,1221,0.005721403844204,1.00669773084029,88,88,237388
"803","United Kingdom_global",2020-06-02,279392,39452,1224,0.00596249675951263,1.00648375732047,89,89,238716
"804","United Kingdom_global",2020-06-03,281270,39811,1212,0.00672173863245905,1.00627638739379,90,90,240247
